<?xml version="1.0" encoding="ISO-8859-1" ?>
<device>
  <name>top</name>
  <version>1.0</version>
  <description>CMSIS description for top.  Created by Actel SmartDesign on Tue Apr 05 15:14:27 2011</description>
  <addressUnitBits>8</addressUnitBits>
  <width>32</width>
  <peripherals>
    <peripheral>
      <name>DISP_UART</name>
      <baseAddress>0x00000000</baseAddress>
    </peripheral>
    <peripheral>
      <name>RFID_UART</name>
      <baseAddress>0x00000100</baseAddress>
    </peripheral>
    <peripheral>
      <name>BARCODE_UART</name>
      <baseAddress>0x00000200</baseAddress>
    </peripheral>
  </peripherals>
</device>
