<?xml version="1.0" encoding="ISO-8859-1" ?>
<device>
  <name>top</name>
  <version>1.0</version>
  <description>CMSIS description for top.  Created by Actel SmartDesign on Thu Apr 14 03:45:23 2011</description>
  <addressUnitBits>8</addressUnitBits>
  <width>32</width>
  <peripherals>
    <peripheral>
      <name>DISP_UART</name>
      <baseAddress>0x40050000</baseAddress>
    </peripheral>
    <peripheral>
      <name>RFID_UART</name>
      <baseAddress>0x40050100</baseAddress>
    </peripheral>
    <peripheral>
      <name>BARCODE_UART</name>
      <baseAddress>0x40050200</baseAddress>
    </peripheral>
    <peripheral>
      <name>row_1_rag_wrp_0</name>
      <baseAddress>0x40050300</baseAddress>
    </peripheral>
  </peripherals>
</device>
